id,uuid,revision_id,langcode,Vocabulary,revision_created,revision_user,revision_log_message,Published,Name,description,weight,parent,changed,default_langcode,revision_translation_affected,path,content_translation_source,content_translation_outdated,content_translation_uid,content_translation_created,"Authority Sources",field_broader,field_geo_alt_name,field_unique_id
782,8dac401e-0a09-458e-af7e-78e1dd6d7747,782,en,person|taxonomy_vocabulary|21c044c0-00d4-4b69-a4c3-d1100fe937a3,"2021-10-08T20:35:33+00:00|Y-m-d\TH:i:sP",,,1,A-Ritt-Pix,,0,,"2021-10-08T20:35:33+00:00|Y-m-d\TH:i:sP",1,1,en,und,,1|user|8b2345a3-20f6-4d27-bc72-b4b2a6189498|/user/1,"2021-10-08T20:35:33+00:00|Y-m-d\TH:i:sP",,,,,,,,,A-Ritt-Pix,,d1588aa4-3ded-4ac5-b20a-0b814b6a5111
783,cf87470a-0700-4c2b-8851-f69b156bd038,783,en,person|taxonomy_vocabulary|21c044c0-00d4-4b69-a4c3-d1100fe937a3,"2021-10-08T20:35:33+00:00|Y-m-d\TH:i:sP",,,1,A.C.,,0,,"2021-10-08T20:35:33+00:00|Y-m-d\TH:i:sP",1,1,en,und,,1|user|8b2345a3-20f6-4d27-bc72-b4b2a6189498|/user/1,"2021-10-08T20:35:33+00:00|Y-m-d\TH:i:sP",,,,,,,,,A.C.,,d2b524d1-f22b-4964-bf75-f7e50e994e97
784,1c467cc3-7d07-41c5-9058-1ca57935a5f9,784,en,person|taxonomy_vocabulary|21c044c0-00d4-4b69-a4c3-d1100fe937a3,"2021-10-08T20:35:33+00:00|Y-m-d\TH:i:sP",,,1,A.D.,,0,,"2021-10-08T20:35:33+00:00|Y-m-d\TH:i:sP",1,1,en,und,,1|user|8b2345a3-20f6-4d27-bc72-b4b2a6189498|/user/1,"2021-10-08T20:35:33+00:00|Y-m-d\TH:i:sP",,,,,,,,,A.D.,,2fca9349-28c1-4d95-8df0-a66208b6275c
785,a07b9bb1-af4a-435b-9578-7ef96f1ebaad,785,en,person|taxonomy_vocabulary|21c044c0-00d4-4b69-a4c3-d1100fe937a3,"2021-10-08T20:35:33+00:00|Y-m-d\TH:i:sP",,,1,A.R.,,0,,"2021-10-08T20:35:33+00:00|Y-m-d\TH:i:sP",1,1,en,und,,1|user|8b2345a3-20f6-4d27-bc72-b4b2a6189498|/user/1,"2021-10-08T20:35:33+00:00|Y-m-d\TH:i:sP",,,,,,,,,A.R.,,8f6314df-ff31-4bc6-8fb7-880bc5702ce6
786,0374c591-63a2-4548-bb2b-883893e02a27,786,en,person|taxonomy_vocabulary|21c044c0-00d4-4b69-a4c3-d1100fe937a3,"2021-10-08T20:35:33+00:00|Y-m-d\TH:i:sP",,,1,A.Z.,,0,,"2021-10-08T20:35:33+00:00|Y-m-d\TH:i:sP",1,1,en,und,,1|user|8b2345a3-20f6-4d27-bc72-b4b2a6189498|/user/1,"2021-10-08T20:35:33+00:00|Y-m-d\TH:i:sP",,,,,,,,,A.Z.,,3470c131-e3df-4f8d-b0ba-12b2085e5ac8
787,ee903c10-4c0d-4f96-b76f-4abacc84bf0e,787,en,person|taxonomy_vocabulary|21c044c0-00d4-4b69-a4c3-d1100fe937a3,"2021-10-08T20:35:33+00:00|Y-m-d\TH:i:sP",,,1,"Abernathy, Frances",,0,,"2021-10-08T20:35:33+00:00|Y-m-d\TH:i:sP",1,1,en,und,,1|user|8b2345a3-20f6-4d27-bc72-b4b2a6189498|/user/1,"2021-10-08T20:35:33+00:00|Y-m-d\TH:i:sP",,,,,,,Frances,,Abernathy,,cc47c845-fb9e-4711-82b7-91975c13d394
788,75f87db2-2237-46f5-9eb9-8767cb602358,788,en,person|taxonomy_vocabulary|21c044c0-00d4-4b69-a4c3-d1100fe937a3,"2021-10-08T20:35:33+00:00|Y-m-d\TH:i:sP",,,1,"Abernathy, Ralph, 1926-1990",,0,,"2021-10-08T20:35:33+00:00|Y-m-d\TH:i:sP",1,1,en,und,,1|user|8b2345a3-20f6-4d27-bc72-b4b2a6189498|/user/1,"2021-10-08T20:35:33+00:00|Y-m-d\TH:i:sP",http://viaf.org/viaf/92869358|||viaf|http://id.loc.gov/authorities/names/n87870916|||lcnaf,1926/1990,,,,,Ralph,,Abernathy,,b4f66ef4-093e-4ebe-bf73-310d9a820fbe
789,abbb9c4b-f135-45ef-8f94-bb16c7a0ec0b,789,en,person|taxonomy_vocabulary|21c044c0-00d4-4b69-a4c3-d1100fe937a3,"2021-10-08T20:35:33+00:00|Y-m-d\TH:i:sP",,,1,"Abrams, Talbert",,0,,"2021-10-08T20:35:33+00:00|Y-m-d\TH:i:sP",1,1,en,und,,1|user|8b2345a3-20f6-4d27-bc72-b4b2a6189498|/user/1,"2021-10-08T20:35:33+00:00|Y-m-d\TH:i:sP",,,,,,,Talbert,,Abrams,,4f53bef9-f9b4-41fd-aae9-7ca01b682410
790,63f26927-ad97-4244-9d22-f9c2eee5f67c,790,en,person|taxonomy_vocabulary|21c044c0-00d4-4b69-a4c3-d1100fe937a3,"2021-10-08T20:35:33+00:00|Y-m-d\TH:i:sP",,,1,"Adams, Henry C. (Henry Carter), 1851-1921",,0,,"2021-10-08T20:35:33+00:00|Y-m-d\TH:i:sP",1,1,en,und,,1|user|8b2345a3-20f6-4d27-bc72-b4b2a6189498|/user/1,"2021-10-08T20:35:33+00:00|Y-m-d\TH:i:sP",http://viaf.org/viaf/79256580|||viaf|http://id.loc.gov/authorities/names/n50036849|||lcnaf,1851/1921,,"Henry Carter",,,"Henry C.",,Adams,,c650ea2c-6352-401a-bc6a-632d37feddd9
791,2122ec86-355e-43f8-bb85-d90b03b64bf6,791,en,person|taxonomy_vocabulary|21c044c0-00d4-4b69-a4c3-d1100fe937a3,"2021-10-08T20:35:33+00:00|Y-m-d\TH:i:sP",,,1,"Adams, Herbert B. (Herbert Baxter), 1850-1901",,0,,"2021-10-08T20:35:33+00:00|Y-m-d\TH:i:sP",1,1,en,und,,1|user|8b2345a3-20f6-4d27-bc72-b4b2a6189498|/user/1,"2021-10-08T20:35:33+00:00|Y-m-d\TH:i:sP",http://viaf.org/viaf/49346809|||viaf|http://id.loc.gov/authorities/names/n50036850|||lcnaf,1850/1901,,"Herbert Baxter",,,"Herbert B.",,Adams,,540dc114-e53e-427b-8d6d-d8b070d83194
792,18e46a30-9739-4157-9c52-ddfbb7c87d34,792,en,person|taxonomy_vocabulary|21c044c0-00d4-4b69-a4c3-d1100fe937a3,"2021-10-08T20:35:33+00:00|Y-m-d\TH:i:sP",,,1,"Adlewilz, S. S.",,0,,"2021-10-08T20:35:33+00:00|Y-m-d\TH:i:sP",1,1,en,und,,1|user|8b2345a3-20f6-4d27-bc72-b4b2a6189498|/user/1,"2021-10-08T20:35:33+00:00|Y-m-d\TH:i:sP",,,,,,,"S. S.",,Adlewilz,,582fd0b7-8faa-4616-a580-58d8efa9a547
793,1f9c360a-eb2d-4024-b559-c618b3ce7361,793,en,person|taxonomy_vocabulary|21c044c0-00d4-4b69-a4c3-d1100fe937a3,"2021-10-08T20:35:33+00:00|Y-m-d\TH:i:sP",,,1,"Adorno, Theodor W., 1903-1969",,0,,"2021-10-08T20:35:33+00:00|Y-m-d\TH:i:sP",1,1,en,und,,1|user|8b2345a3-20f6-4d27-bc72-b4b2a6189498|/user/1,"2021-10-08T20:35:33+00:00|Y-m-d\TH:i:sP",http://viaf.org/viaf/95247377|||viaf|http://id.loc.gov/authorities/names/n80002956|||lcnaf,1903/1969,,,,,"Theodor W.",,Adorno,,ab32a6ef-1afd-4825-8fe0-9e32c418397e
794,06b79f8e-5641-4e22-b9b4-dc7b8e1b0d03,794,en,person|taxonomy_vocabulary|21c044c0-00d4-4b69-a4c3-d1100fe937a3,"2021-10-08T20:35:33+00:00|Y-m-d\TH:i:sP",,,1,Ahnaz,,0,,"2021-10-08T20:35:33+00:00|Y-m-d\TH:i:sP",1,1,en,und,,1|user|8b2345a3-20f6-4d27-bc72-b4b2a6189498|/user/1,"2021-10-08T20:35:33+00:00|Y-m-d\TH:i:sP",,,,,,,,,Ahnaz,,df5fda9a-76be-42cf-86e1-fef38f25730f
795,f014a7f7-93dc-4358-a192-05e13e6ed462,795,en,person|taxonomy_vocabulary|21c044c0-00d4-4b69-a4c3-d1100fe937a3,"2021-10-08T20:35:33+00:00|Y-m-d\TH:i:sP",,,1,"Al Cohen",,0,,"2021-10-08T20:35:33+00:00|Y-m-d\TH:i:sP",1,1,en,und,,1|user|8b2345a3-20f6-4d27-bc72-b4b2a6189498|/user/1,"2021-10-08T20:35:33+00:00|Y-m-d\TH:i:sP",,,,,,,,,"Al Cohen",,fcb00cf8-1c08-41b8-b291-8904c18a4247
796,7ba7aaab-81cd-40d1-8217-deb381da5baf,796,en,person|taxonomy_vocabulary|21c044c0-00d4-4b69-a4c3-d1100fe937a3,"2021-10-08T20:35:33+00:00|Y-m-d\TH:i:sP",,,1,"Alavi, Hedy",,0,,"2021-10-08T20:35:33+00:00|Y-m-d\TH:i:sP",1,1,en,und,,1|user|8b2345a3-20f6-4d27-bc72-b4b2a6189498|/user/1,"2021-10-08T20:35:33+00:00|Y-m-d\TH:i:sP",,,,,,,Hedy,,Alavi,,343603c6-dc89-4b55-9a03-9d80863cb290
797,2ece09e8-730b-4cd7-947c-0e3a442a8279,797,en,person|taxonomy_vocabulary|21c044c0-00d4-4b69-a4c3-d1100fe937a3,"2021-10-08T20:35:33+00:00|Y-m-d\TH:i:sP",,,1,"Albert, Ramona",,0,,"2021-10-08T20:35:33+00:00|Y-m-d\TH:i:sP",1,1,en,und,,1|user|8b2345a3-20f6-4d27-bc72-b4b2a6189498|/user/1,"2021-10-08T20:35:33+00:00|Y-m-d\TH:i:sP",,,,,,,Ramona,,Albert,,83466ed9-4a2d-4a8f-a02c-1dca9b686b11
798,d70d3e75-ca0c-41c0-b3fd-a607396a9a4b,798,en,person|taxonomy_vocabulary|21c044c0-00d4-4b69-a4c3-d1100fe937a3,"2021-10-08T20:35:33+00:00|Y-m-d\TH:i:sP",,,1,"Albright, William Foxwell, 1891-1971",,0,,"2021-10-08T20:35:33+00:00|Y-m-d\TH:i:sP",1,1,en,und,,1|user|8b2345a3-20f6-4d27-bc72-b4b2a6189498|/user/1,"2021-10-08T20:35:33+00:00|Y-m-d\TH:i:sP",http://viaf.org/viaf/35520|||viaf|http://id.loc.gov/authorities/names/n50041030|||lcnaf,1891/1971,,,,,"William Foxwell",,Albright,,4bf8e557-fb7e-4143-895f-d0d91403b6a3
799,497d2e8e-2b0b-4105-8e1a-d74ef29dc2a3,799,en,person|taxonomy_vocabulary|21c044c0-00d4-4b69-a4c3-d1100fe937a3,"2021-10-08T20:35:33+00:00|Y-m-d\TH:i:sP",,,1,"Alexander, Anne",,0,,"2021-10-08T20:35:33+00:00|Y-m-d\TH:i:sP",1,1,en,und,,1|user|8b2345a3-20f6-4d27-bc72-b4b2a6189498|/user/1,"2021-10-08T20:35:33+00:00|Y-m-d\TH:i:sP",,,,,,,Anne,,Alexander,,f76941a1-3f36-4b19-940c-2f4a5a48100e
800,b6fd3fc7-835d-410d-a9ae-5278bb7b5229,800,en,person|taxonomy_vocabulary|21c044c0-00d4-4b69-a4c3-d1100fe937a3,"2021-10-08T20:35:33+00:00|Y-m-d\TH:i:sP",,,1,"Alexander, Holmes, 1906-1985",,0,,"2021-10-08T20:35:33+00:00|Y-m-d\TH:i:sP",1,1,en,und,,1|user|8b2345a3-20f6-4d27-bc72-b4b2a6189498|/user/1,"2021-10-08T20:35:33+00:00|Y-m-d\TH:i:sP",http://viaf.org/viaf/24978477|||viaf|http://id.loc.gov/authorities/names/n50033308|||lcnaf,1906/1985,,,,,Holmes,,Alexander,,6081699c-9d12-4edf-bae6-d3c6ac94dd90
801,b8b3f58d-a221-4fe1-b226-3edccdde567b,801,en,person|taxonomy_vocabulary|21c044c0-00d4-4b69-a4c3-d1100fe937a3,"2021-10-08T20:35:33+00:00|Y-m-d\TH:i:sP",,,1,"Alexander, Karl",,0,,"2021-10-08T20:35:33+00:00|Y-m-d\TH:i:sP",1,1,en,und,,1|user|8b2345a3-20f6-4d27-bc72-b4b2a6189498|/user/1,"2021-10-08T20:35:33+00:00|Y-m-d\TH:i:sP",,,,,,,Karl,,Alexander,,32651b12-d555-4241-95d5-e8cfbc37cee9
802,f8ed1877-f26b-4fa8-94fc-fb73076147a3,802,en,person|taxonomy_vocabulary|21c044c0-00d4-4b69-a4c3-d1100fe937a3,"2021-10-08T20:35:33+00:00|Y-m-d\TH:i:sP",,,1,"Allen, Don Cameron, 1903-1972",,0,,"2021-10-08T20:35:33+00:00|Y-m-d\TH:i:sP",1,1,en,und,,1|user|8b2345a3-20f6-4d27-bc72-b4b2a6189498|/user/1,"2021-10-08T20:35:33+00:00|Y-m-d\TH:i:sP",http://viaf.org/viaf/109688525|||viaf|http://id.loc.gov/authorities/names/n79077195|||lcnaf,1903/1972,,,,,"Don Cameron",,Allen,,3884a6b2-3d53-4032-a080-0afbca1da8fd
803,f4ef270a-2d00-4392-93b3-9d41502e60eb,803,en,person|taxonomy_vocabulary|21c044c0-00d4-4b69-a4c3-d1100fe937a3,"2021-10-08T20:35:33+00:00|Y-m-d\TH:i:sP",,,1,"Allen, James C.",,0,,"2021-10-08T20:35:33+00:00|Y-m-d\TH:i:sP",1,1,en,und,,1|user|8b2345a3-20f6-4d27-bc72-b4b2a6189498|/user/1,"2021-10-08T20:35:33+00:00|Y-m-d\TH:i:sP",,,,,,,"James C.",,Allen,,6c16dfac-8b96-4254-8607-c99933c938a5
804,752691a6-9cf9-43b0-8943-7f1e3aa6af51,804,en,person|taxonomy_vocabulary|21c044c0-00d4-4b69-a4c3-d1100fe937a3,"2021-10-08T20:35:33+00:00|Y-m-d\TH:i:sP",,,1,Altman,,0,,"2021-10-08T20:35:33+00:00|Y-m-d\TH:i:sP",1,1,en,und,,1|user|8b2345a3-20f6-4d27-bc72-b4b2a6189498|/user/1,"2021-10-08T20:35:33+00:00|Y-m-d\TH:i:sP",,,,,,,,,Altman,,94509523-8029-4992-b510-b84c4d58a7b2
805,a034e05b-fa32-47ed-97f2-722e320d5aab,805,en,person|taxonomy_vocabulary|21c044c0-00d4-4b69-a4c3-d1100fe937a3,"2021-10-08T20:35:33+00:00|Y-m-d\TH:i:sP",,,1,"Alyea, Hubert N. (Hubert Newcombe), 1903-",,0,,"2021-10-08T20:35:33+00:00|Y-m-d\TH:i:sP",1,1,en,und,,1|user|8b2345a3-20f6-4d27-bc72-b4b2a6189498|/user/1,"2021-10-08T20:35:33+00:00|Y-m-d\TH:i:sP",http://viaf.org/viaf/112693757|||viaf|http://id.loc.gov/authorities/names/n87813837|||lcnaf,1903/,,"Hubert Newcombe",,,"Hubert N.",,Alyea,,a07f8946-2b45-4623-b58c-7058d5d23b4c
806,0839ab75-757c-425a-9665-21a62bb878a8,806,en,person|taxonomy_vocabulary|21c044c0-00d4-4b69-a4c3-d1100fe937a3,"2021-10-08T20:35:33+00:00|Y-m-d\TH:i:sP",,,1,"Ambrose, Stephen E.",,0,,"2021-10-08T20:35:33+00:00|Y-m-d\TH:i:sP",1,1,en,und,,1|user|8b2345a3-20f6-4d27-bc72-b4b2a6189498|/user/1,"2021-10-08T20:35:33+00:00|Y-m-d\TH:i:sP",http://viaf.org/viaf/109151847|||viaf|http://id.loc.gov/authorities/names/n79138556|||lcnaf,,,,,,"Stephen E.",,Ambrose,,d8e8f4e6-a34c-410b-9ad2-21e3e377c815
807,35185ca9-392c-402f-9ec8-d8cb4a29d010,807,en,person|taxonomy_vocabulary|21c044c0-00d4-4b69-a4c3-d1100fe937a3,"2021-10-08T20:35:33+00:00|Y-m-d\TH:i:sP",,,1,"Ames, Joseph Sweetman, 1864-1943",,0,,"2021-10-08T20:35:33+00:00|Y-m-d\TH:i:sP",1,1,en,und,,1|user|8b2345a3-20f6-4d27-bc72-b4b2a6189498|/user/1,"2021-10-08T20:35:33+00:00|Y-m-d\TH:i:sP",http://viaf.org/viaf/49973068|||viaf|http://id.loc.gov/authorities/names/n80139808|||lcnaf,1864/1943,,,,,"Joseph Sweetman",,Ames,,addfa22d-0d52-4334-a6c3-8735126e6a24
808,2f48d0dd-3647-4e6e-ade9-dc3c5dd27095,808,en,person|taxonomy_vocabulary|21c044c0-00d4-4b69-a4c3-d1100fe937a3,"2021-10-08T20:35:33+00:00|Y-m-d\TH:i:sP",,,1,"Amzel, L. Mario",,0,,"2021-10-08T20:35:33+00:00|Y-m-d\TH:i:sP",1,1,en,und,,1|user|8b2345a3-20f6-4d27-bc72-b4b2a6189498|/user/1,"2021-10-08T20:35:33+00:00|Y-m-d\TH:i:sP",,,,,,,"L. Mario",,Amzel,,32a7d50b-83a3-4622-b291-8246178633f2
809,313e43b5-76a4-4c66-abb8-8c8dc1e52fc7,809,en,person|taxonomy_vocabulary|21c044c0-00d4-4b69-a4c3-d1100fe937a3,"2021-10-08T20:35:33+00:00|Y-m-d\TH:i:sP",,,1,"Anderson, Charles Roberts, 1902-1999",,0,,"2021-10-08T20:35:33+00:00|Y-m-d\TH:i:sP",1,1,en,und,,1|user|8b2345a3-20f6-4d27-bc72-b4b2a6189498|/user/1,"2021-10-08T20:35:33+00:00|Y-m-d\TH:i:sP",http://viaf.org/viaf/71477786|||viaf|http://id.loc.gov/authorities/names/n50021506|||lcnaf,1902/1999,,,,,"Charles Roberts",,Anderson,,cd11abbf-32b7-4bae-95c0-1c7b03930b51
810,5b63fde9-c491-4665-996d-d0529c7d3ddb,810,en,person|taxonomy_vocabulary|21c044c0-00d4-4b69-a4c3-d1100fe937a3,"2021-10-08T20:35:33+00:00|Y-m-d\TH:i:sP",,,1,"Anderson, Richard",,0,,"2021-10-08T20:35:33+00:00|Y-m-d\TH:i:sP",1,1,en,und,,1|user|8b2345a3-20f6-4d27-bc72-b4b2a6189498|/user/1,"2021-10-08T20:35:33+00:00|Y-m-d\TH:i:sP",,,,,,,Richard,,Anderson,,7b6cb5c3-0140-4d20-b08f-037a263bfe06
811,d0f20928-8e09-48e3-8b95-089d2b81b2c5,811,en,person|taxonomy_vocabulary|21c044c0-00d4-4b69-a4c3-d1100fe937a3,"2021-10-08T20:35:33+00:00|Y-m-d\TH:i:sP",,,1,"Anderson, Robert",,0,,"2021-10-08T20:35:33+00:00|Y-m-d\TH:i:sP",1,1,en,und,,1|user|8b2345a3-20f6-4d27-bc72-b4b2a6189498|/user/1,"2021-10-08T20:35:33+00:00|Y-m-d\TH:i:sP",,,,,,,Robert,,Anderson,,00615221-9910-4c8a-a8a7-cc5fc531324c
812,42b21f57-9fc4-41c6-a61a-769406289ab0,812,en,person|taxonomy_vocabulary|21c044c0-00d4-4b69-a4c3-d1100fe937a3,"2021-10-08T20:35:33+00:00|Y-m-d\TH:i:sP",,,1,"Andrews, Donald H. (Donald Hatch), 1898-",,0,,"2021-10-08T20:35:33+00:00|Y-m-d\TH:i:sP",1,1,en,und,,1|user|8b2345a3-20f6-4d27-bc72-b4b2a6189498|/user/1,"2021-10-08T20:35:33+00:00|Y-m-d\TH:i:sP",http://viaf.org/viaf/109235187|||viaf|http://id.loc.gov/authorities/names/n89667181|||lcnaf,1898/,,"Donald Hatch",,,"Donald H.",,Andrews,,7fe54a97-8105-4eb8-872b-370cfb09f429
813,6913792a-482d-48bc-934b-5cb68238fc89,813,en,person|taxonomy_vocabulary|21c044c0-00d4-4b69-a4c3-d1100fe937a3,"2021-10-08T20:35:33+00:00|Y-m-d\TH:i:sP",,,1,"Andrews, E. A. (Ethan Allen), 1859-1956",,0,,"2021-10-08T20:35:33+00:00|Y-m-d\TH:i:sP",1,1,en,und,,1|user|8b2345a3-20f6-4d27-bc72-b4b2a6189498|/user/1,"2021-10-08T20:35:33+00:00|Y-m-d\TH:i:sP",http://viaf.org/viaf/10629256|||viaf|http://id.loc.gov/authorities/names/no2020049068|||lcnaf,1859/1956,,"Ethan Allen",,,"E. A.",,Andrews,,5a8fd3ee-1707-4203-87c9-4675dc55f257
814,3defd765-ddc9-4fa5-8d73-13b450309071,814,en,person|taxonomy_vocabulary|21c044c0-00d4-4b69-a4c3-d1100fe937a3,"2021-10-08T20:35:33+00:00|Y-m-d\TH:i:sP",,,1,"Angelos, Peter",,0,,"2021-10-08T20:35:33+00:00|Y-m-d\TH:i:sP",1,1,en,und,,1|user|8b2345a3-20f6-4d27-bc72-b4b2a6189498|/user/1,"2021-10-08T20:35:33+00:00|Y-m-d\TH:i:sP",,,,,,,Peter,,Angelos,,ded69d0a-e19b-46f9-820f-94eed5d0885e
815,b25ce950-c154-4bf7-83bf-32d262741efa,815,en,person|taxonomy_vocabulary|21c044c0-00d4-4b69-a4c3-d1100fe937a3,"2021-10-08T20:35:33+00:00|Y-m-d\TH:i:sP",,,1,"Ansley, John H.",,0,,"2021-10-08T20:35:33+00:00|Y-m-d\TH:i:sP",1,1,en,und,,1|user|8b2345a3-20f6-4d27-bc72-b4b2a6189498|/user/1,"2021-10-08T20:35:33+00:00|Y-m-d\TH:i:sP",,,,,,,"John H.",,Ansley,,887c3878-751b-46fc-b976-730725252273
816,005352c4-46ce-4198-ab95-ddc12f3ae49d,816,en,person|taxonomy_vocabulary|21c044c0-00d4-4b69-a4c3-d1100fe937a3,"2021-10-08T20:35:33+00:00|Y-m-d\TH:i:sP",,,1,Anviel,,0,,"2021-10-08T20:35:33+00:00|Y-m-d\TH:i:sP",1,1,en,und,,1|user|8b2345a3-20f6-4d27-bc72-b4b2a6189498|/user/1,"2021-10-08T20:35:33+00:00|Y-m-d\TH:i:sP",,,,,,,,,Anviel,,97b7e269-9a75-491f-bca9-83d742b28cbd
817,b77fa257-7e68-453b-b526-133121f8c887,817,en,person|taxonomy_vocabulary|21c044c0-00d4-4b69-a4c3-d1100fe937a3,"2021-10-08T20:35:33+00:00|Y-m-d\TH:i:sP",,,1,Apeda,,0,,"2021-10-08T20:35:33+00:00|Y-m-d\TH:i:sP",1,1,en,und,,1|user|8b2345a3-20f6-4d27-bc72-b4b2a6189498|/user/1,"2021-10-08T20:35:33+00:00|Y-m-d\TH:i:sP",,,,,,,,,Apeda,,25dd803d-8f9b-45c2-8b5f-dbd22fd5548c
818,aae37676-edd4-4172-9af3-3b199c576af3,818,en,person|taxonomy_vocabulary|21c044c0-00d4-4b69-a4c3-d1100fe937a3,"2021-10-08T20:35:33+00:00|Y-m-d\TH:i:sP",,,1,"Armenian, Haroutune K.",,0,,"2021-10-08T20:35:33+00:00|Y-m-d\TH:i:sP",1,1,en,und,,1|user|8b2345a3-20f6-4d27-bc72-b4b2a6189498|/user/1,"2021-10-08T20:35:33+00:00|Y-m-d\TH:i:sP",http://viaf.org/viaf/56631943|||viaf|http://id.loc.gov/authorities/names/n86080946|||lcnaf,,,,,,"Haroutune K.",,Armenian,,f2abc813-4212-49d7-9192-ffe01cd614ed
819,385c12b9-1ea5-46d3-a7a2-b5e024ab6a20,819,en,person|taxonomy_vocabulary|21c044c0-00d4-4b69-a4c3-d1100fe937a3,"2021-10-08T20:35:33+00:00|Y-m-d\TH:i:sP",,,1,"Armstrong, Lloyd, 1940-",,0,,"2021-10-08T20:35:33+00:00|Y-m-d\TH:i:sP",1,1,en,und,,1|user|8b2345a3-20f6-4d27-bc72-b4b2a6189498|/user/1,"2021-10-08T20:35:33+00:00|Y-m-d\TH:i:sP",http://viaf.org/viaf/74411823|||viaf|http://id.loc.gov/authorities/names/n88610080|||lcnaf,1940/,,,,,Lloyd,,Armstrong,,16ed6964-d267-42c7-995e-93016dd5b0b2
820,88bde99e-12aa-4ff1-b49e-07c41abd6e76,820,en,person|taxonomy_vocabulary|21c044c0-00d4-4b69-a4c3-d1100fe937a3,"2021-10-08T20:35:33+00:00|Y-m-d\TH:i:sP",,,1,"Arnold, Ken",,0,,"2021-10-08T20:35:33+00:00|Y-m-d\TH:i:sP",1,1,en,und,,1|user|8b2345a3-20f6-4d27-bc72-b4b2a6189498|/user/1,"2021-10-08T20:35:33+00:00|Y-m-d\TH:i:sP",,,,,,,Ken,,Arnold,,f0161156-ba76-463b-950a-f06ff0d64d4c
821,b3825f17-5151-4077-8479-9dd18af29c5a,821,en,person|taxonomy_vocabulary|21c044c0-00d4-4b69-a4c3-d1100fe937a3,"2021-10-08T20:35:33+00:00|Y-m-d\TH:i:sP",,,1,"Arnowitz, Leonard",,0,,"2021-10-08T20:35:33+00:00|Y-m-d\TH:i:sP",1,1,en,und,,1|user|8b2345a3-20f6-4d27-bc72-b4b2a6189498|/user/1,"2021-10-08T20:35:33+00:00|Y-m-d\TH:i:sP",,,,,,,Leonard,,Arnowitz,,6f8ee7af-8b0e-4acc-8e32-794b8dca2490
822,0975fe1c-3d3d-4851-a1a9-6ed618b95505,822,en,person|taxonomy_vocabulary|21c044c0-00d4-4b69-a4c3-d1100fe937a3,"2021-10-08T20:35:33+00:00|Y-m-d\TH:i:sP",,,1,"Asper, Samuel P.",,0,,"2021-10-08T20:35:33+00:00|Y-m-d\TH:i:sP",1,1,en,und,,1|user|8b2345a3-20f6-4d27-bc72-b4b2a6189498|/user/1,"2021-10-08T20:35:33+00:00|Y-m-d\TH:i:sP",http://viaf.org/viaf/40936820|||viaf|http://id.loc.gov/authorities/names/n88185375|||lcnaf,,,,,,"Samuel P.",,Asper,,f53996ba-0461-443a-93b6-33452fa63758
823,752f0756-83aa-487a-89fa-fc610e460ad4,823,en,person|taxonomy_vocabulary|21c044c0-00d4-4b69-a4c3-d1100fe937a3,"2021-10-08T20:35:33+00:00|Y-m-d\TH:i:sP",,,1,"Astin, Allen Varley, 1904-1984",,0,,"2021-10-08T20:35:33+00:00|Y-m-d\TH:i:sP",1,1,en,und,,1|user|8b2345a3-20f6-4d27-bc72-b4b2a6189498|/user/1,"2021-10-08T20:35:33+00:00|Y-m-d\TH:i:sP",http://viaf.org/viaf/46017867|||viaf|http://id.loc.gov/authorities/names/n95110643|||lcnaf,1904/1984,,,,,"Allen Varley",,Astin,,2bf0390e-4ef2-4f40-9950-155d55bbe638
824,1894e82d-180e-4b3a-962a-18aac884cc89,824,en,person|taxonomy_vocabulary|21c044c0-00d4-4b69-a4c3-d1100fe937a3,"2021-10-08T20:35:33+00:00|Y-m-d\TH:i:sP",,,1,"Avedon, Arthur","Location information: New York, NY|basic_html|Location information: New York, NY",0,,"2021-10-08T20:35:33+00:00|Y-m-d\TH:i:sP",1,1,en,und,,1|user|8b2345a3-20f6-4d27-bc72-b4b2a6189498|/user/1,"2021-10-08T20:35:33+00:00|Y-m-d\TH:i:sP",,,,,,,Arthur,,Avedon,,6a40f789-04a8-4b45-a6f0-f66bb150c021
825,3155250b-65db-4f2b-a56d-acb6f96b28f7,825,en,person|taxonomy_vocabulary|21c044c0-00d4-4b69-a4c3-d1100fe937a3,"2021-10-08T20:35:33+00:00|Y-m-d\TH:i:sP",,,1,"Avery, William H.",,0,,"2021-10-08T20:35:33+00:00|Y-m-d\TH:i:sP",1,1,en,und,,1|user|8b2345a3-20f6-4d27-bc72-b4b2a6189498|/user/1,"2021-10-08T20:35:33+00:00|Y-m-d\TH:i:sP",http://viaf.org/viaf/2560960|||viaf|http://id.loc.gov/authorities/names/n93076907|||lcnaf,,,,,,"William H.",,Avery,,a3ec1128-11df-407d-8030-0c1c38789da4
826,0e8f3b87-8c3d-456c-b000-29c44b265252,826,en,person|taxonomy_vocabulary|21c044c0-00d4-4b69-a4c3-d1100fe937a3,"2021-10-08T20:35:33+00:00|Y-m-d\TH:i:sP",,,1,"Azmi, Lubna",,0,,"2021-10-08T20:35:33+00:00|Y-m-d\TH:i:sP",1,1,en,und,,1|user|8b2345a3-20f6-4d27-bc72-b4b2a6189498|/user/1,"2021-10-08T20:35:33+00:00|Y-m-d\TH:i:sP",,,,,,,Lubna,,Azmi,,f9a8ce8f-228f-4f74-b5d4-426639ef76ff
827,a9f9eabe-e306-47be-b3fa-657e48e28ad9,827,en,person|taxonomy_vocabulary|21c044c0-00d4-4b69-a4c3-d1100fe937a3,"2021-10-08T20:35:33+00:00|Y-m-d\TH:i:sP",,,1,B.D.,,0,,"2021-10-08T20:35:33+00:00|Y-m-d\TH:i:sP",1,1,en,und,,1|user|8b2345a3-20f6-4d27-bc72-b4b2a6189498|/user/1,"2021-10-08T20:35:33+00:00|Y-m-d\TH:i:sP",,,,,,,,,B.D.,,a5b56022-30e7-4476-bd5e-0358cda1bd76
828,0c236f35-6640-41de-9fc3-f134f9389c00,828,en,person|taxonomy_vocabulary|21c044c0-00d4-4b69-a4c3-d1100fe937a3,"2021-10-08T20:35:33+00:00|Y-m-d\TH:i:sP",,,1,"Bachman, Paul",,0,,"2021-10-08T20:35:33+00:00|Y-m-d\TH:i:sP",1,1,en,und,,1|user|8b2345a3-20f6-4d27-bc72-b4b2a6189498|/user/1,"2021-10-08T20:35:33+00:00|Y-m-d\TH:i:sP",,,,,,,Paul,,Bachman,,79586db6-38a2-48e3-99a6-757185ae545d
829,70c8bf9c-b44d-4733-afbb-b547b2bf8e2d,829,en,person|taxonomy_vocabulary|21c044c0-00d4-4b69-a4c3-d1100fe937a3,"2021-10-08T20:35:33+00:00|Y-m-d\TH:i:sP",,,1,"Bachrach, Fabian, 1917-2010","Location information: Baltimore, MD|basic_html|Location information: Baltimore, MD",0,,"2021-10-08T20:35:33+00:00|Y-m-d\TH:i:sP",1,1,en,und,,1|user|8b2345a3-20f6-4d27-bc72-b4b2a6189498|/user/1,"2021-10-08T20:35:33+00:00|Y-m-d\TH:i:sP",http://viaf.org/viaf/65807244|||viaf,1917/2010,,,,,Fabian,,Bachrach,,fe4b667a-3ce1-4a58-8826-f28c500e776b
830,c8483ccd-9c1c-47c4-85e1-c862fbf3c8cb,830,en,person|taxonomy_vocabulary|21c044c0-00d4-4b69-a4c3-d1100fe937a3,"2021-10-08T20:35:33+00:00|Y-m-d\TH:i:sP",,,1,"Baetjer, Anna M. (Anna Medora), 1899-",,0,,"2021-10-08T20:35:33+00:00|Y-m-d\TH:i:sP",1,1,en,und,,1|user|8b2345a3-20f6-4d27-bc72-b4b2a6189498|/user/1,"2021-10-08T20:35:33+00:00|Y-m-d\TH:i:sP",http://viaf.org/viaf/31884691|||viaf|http://id.loc.gov/authorities/names/nr95009624|||lcnaf,1899/,,"Anna Medora",,,"Anna M.",,Baetjer,,109c7ed1-158e-42d0-beda-98ecf7a2a0cf
831,54ce364e-651d-4269-81b1-e92af9eca767,831,en,person|taxonomy_vocabulary|21c044c0-00d4-4b69-a4c3-d1100fe937a3,"2021-10-08T20:35:33+00:00|Y-m-d\TH:i:sP",,,1,"Baetjer, Walter",,0,,"2021-10-08T20:35:33+00:00|Y-m-d\TH:i:sP",1,1,en,und,,1|user|8b2345a3-20f6-4d27-bc72-b4b2a6189498|/user/1,"2021-10-08T20:35:33+00:00|Y-m-d\TH:i:sP",,,,,,,Walter,,Baetjer,,430000e1-a105-47d1-879b-535aa1601055
832,95ecc369-968a-45fc-976b-01fd212b2232,832,en,person|taxonomy_vocabulary|21c044c0-00d4-4b69-a4c3-d1100fe937a3,"2021-10-08T20:35:33+00:00|Y-m-d\TH:i:sP",,,1,"Baez, Joan",,0,,"2021-10-08T20:35:33+00:00|Y-m-d\TH:i:sP",1,1,en,und,,1|user|8b2345a3-20f6-4d27-bc72-b4b2a6189498|/user/1,"2021-10-08T20:35:33+00:00|Y-m-d\TH:i:sP",http://viaf.org/viaf/112435547|||viaf|http://id.loc.gov/authorities/names/n50019193|||lcnaf,,,,,,Joan,,Baez,,0d2654d3-63e3-490f-b73b-96c6712ce98b
833,6c990725-a55b-446c-bcc6-dc109fab4f22,833,en,person|taxonomy_vocabulary|21c044c0-00d4-4b69-a4c3-d1100fe937a3,"2021-10-08T20:35:33+00:00|Y-m-d\TH:i:sP",,,1,"Bahcall, John N.",,0,,"2021-10-08T20:35:33+00:00|Y-m-d\TH:i:sP",1,1,en,und,,1|user|8b2345a3-20f6-4d27-bc72-b4b2a6189498|/user/1,"2021-10-08T20:35:33+00:00|Y-m-d\TH:i:sP",http://viaf.org/viaf/56671543|||viaf|http://id.loc.gov/authorities/names/n81040797|||lcnaf,,,,,,"John N.",,Bahcall,,50f8ef09-3ad3-4f85-99c6-bb4ebaa27c4e
834,27ee6150-964d-4637-9fd3-0a4b8ca0ebcf,834,en,person|taxonomy_vocabulary|21c044c0-00d4-4b69-a4c3-d1100fe937a3,"2021-10-08T20:35:33+00:00|Y-m-d\TH:i:sP",,,1,"Bain, Bill",,0,,"2021-10-08T20:35:33+00:00|Y-m-d\TH:i:sP",1,1,en,und,,1|user|8b2345a3-20f6-4d27-bc72-b4b2a6189498|/user/1,"2021-10-08T20:35:33+00:00|Y-m-d\TH:i:sP",,,,,,,Bill,,Bain,,0f31e404-3028-4871-a1cb-b25e98854f68
835,9b3a3da5-7379-4e33-8300-c1095fb4bee2,835,en,person|taxonomy_vocabulary|21c044c0-00d4-4b69-a4c3-d1100fe937a3,"2021-10-08T20:35:33+00:00|Y-m-d\TH:i:sP",,,1,"Baird, John Logie, 1888-1946",,0,,"2021-10-08T20:35:33+00:00|Y-m-d\TH:i:sP",1,1,en,und,,1|user|8b2345a3-20f6-4d27-bc72-b4b2a6189498|/user/1,"2021-10-08T20:35:33+00:00|Y-m-d\TH:i:sP",http://viaf.org/viaf/3268201|||viaf|http://id.loc.gov/authorities/names/n50020858|||lcnaf,1888/1946,,,,,"John Logie",,Baird,,540bde83-41f0-496b-aebd-623e501e459c
836,284a0e46-b6eb-4630-bb15-14b83d3563f0,836,en,person|taxonomy_vocabulary|21c044c0-00d4-4b69-a4c3-d1100fe937a3,"2021-10-08T20:35:33+00:00|Y-m-d\TH:i:sP",,,1,"Baird, Walter S.",,0,,"2021-10-08T20:35:33+00:00|Y-m-d\TH:i:sP",1,1,en,und,,1|user|8b2345a3-20f6-4d27-bc72-b4b2a6189498|/user/1,"2021-10-08T20:35:33+00:00|Y-m-d\TH:i:sP",,,,,,,"Walter S.",,Baird,,e94ad294-3973-4294-bb84-48fe61aeb382
837,b24b7e00-2305-4488-bc45-c28d77aa2975,837,en,person|taxonomy_vocabulary|21c044c0-00d4-4b69-a4c3-d1100fe937a3,"2021-10-08T20:35:33+00:00|Y-m-d\TH:i:sP",,,1,"Baker, Ben",,0,,"2021-10-08T20:35:33+00:00|Y-m-d\TH:i:sP",1,1,en,und,,1|user|8b2345a3-20f6-4d27-bc72-b4b2a6189498|/user/1,"2021-10-08T20:35:33+00:00|Y-m-d\TH:i:sP",,,,,,,Ben,,Baker,,96333b44-6e72-4bd1-9992-0c75876115af
838,846eb50a-c174-49a6-a772-d46651ef7e32,838,en,person|taxonomy_vocabulary|21c044c0-00d4-4b69-a4c3-d1100fe937a3,"2021-10-08T20:35:33+00:00|Y-m-d\TH:i:sP",,,1,"Baker, Benjamin M.",,0,,"2021-10-08T20:35:33+00:00|Y-m-d\TH:i:sP",1,1,en,und,,1|user|8b2345a3-20f6-4d27-bc72-b4b2a6189498|/user/1,"2021-10-08T20:35:33+00:00|Y-m-d\TH:i:sP",http://viaf.org/viaf/1438303|||viaf|http://id.loc.gov/authorities/names/n85090054|||lcnaf,,,,,,"Benjamin M.",,Baker,,81097e46-b418-44cb-b09c-82933ab75b8c
839,d96ec9c8-4a31-4f35-b3f1-45233695e578,839,en,person|taxonomy_vocabulary|21c044c0-00d4-4b69-a4c3-d1100fe937a3,"2021-10-08T20:35:33+00:00|Y-m-d\TH:i:sP",,,1,"Baker, Russell, 1925-2019",,0,,"2021-10-08T20:35:33+00:00|Y-m-d\TH:i:sP",1,1,en,und,,1|user|8b2345a3-20f6-4d27-bc72-b4b2a6189498|/user/1,"2021-10-08T20:35:33+00:00|Y-m-d\TH:i:sP",http://viaf.org/viaf/109279127|||viaf|http://id.loc.gov/authorities/names/n80090282|||lcnaf,1925/2019,,,,,Russell,,Baker,,fd02c209-ab21-4724-a609-a7c4391028cc
840,08b45320-9919-45ac-91ed-8e8db2583238,840,en,person|taxonomy_vocabulary|21c044c0-00d4-4b69-a4c3-d1100fe937a3,"2021-10-08T20:35:33+00:00|Y-m-d\TH:i:sP",,,1,"Baker, Susan P., 1930-",,0,,"2021-10-08T20:35:33+00:00|Y-m-d\TH:i:sP",1,1,en,und,,1|user|8b2345a3-20f6-4d27-bc72-b4b2a6189498|/user/1,"2021-10-08T20:35:33+00:00|Y-m-d\TH:i:sP",,1930/,,,,,"Susan P.",,Baker,,49220f13-6a60-418d-912e-5567766d8880
841,056ea59d-f59f-4b84-b399-6dfeec3a279d,841,en,person|taxonomy_vocabulary|21c044c0-00d4-4b69-a4c3-d1100fe937a3,"2021-10-08T20:35:33+00:00|Y-m-d\TH:i:sP",,,1,"Baker, W. McNeill",,0,,"2021-10-08T20:35:33+00:00|Y-m-d\TH:i:sP",1,1,en,und,,1|user|8b2345a3-20f6-4d27-bc72-b4b2a6189498|/user/1,"2021-10-08T20:35:33+00:00|Y-m-d\TH:i:sP",,,,,,,"W. McNeill",,Baker,,2602c007-414f-4d17-b16b-6677534bc891
842,dc36bffb-2267-4c90-8050-ba0c378a88af,842,en,person|taxonomy_vocabulary|21c044c0-00d4-4b69-a4c3-d1100fe937a3,"2021-10-08T20:35:33+00:00|Y-m-d\TH:i:sP",,,1,"Balachandran, Sanchita",,0,,"2021-10-08T20:35:33+00:00|Y-m-d\TH:i:sP",1,1,en,und,,1|user|8b2345a3-20f6-4d27-bc72-b4b2a6189498|/user/1,"2021-10-08T20:35:33+00:00|Y-m-d\TH:i:sP",,,,,,,Sanchita,,Balachandran,,668686a9-846e-4c2b-8039-4b84f20f4e59
843,c5d4c422-e692-42c2-a8bd-63f039190cbf,843,en,person|taxonomy_vocabulary|21c044c0-00d4-4b69-a4c3-d1100fe937a3,"2021-10-08T20:35:33+00:00|Y-m-d\TH:i:sP",,,1,"Baldrey, Haynsworth, 1885-1946",,0,,"2021-10-08T20:35:33+00:00|Y-m-d\TH:i:sP",1,1,en,und,,1|user|8b2345a3-20f6-4d27-bc72-b4b2a6189498|/user/1,"2021-10-08T20:35:33+00:00|Y-m-d\TH:i:sP",http://id.loc.gov/authorities/names/no2004081231|||lcnaf|http://viaf.org/viaf/12022666|||viaf,1885/1946,,,,,Haynsworth,,Baldrey,,5731ce3c-be8a-4876-a511-3420659f8c1a
844,27029dac-01fe-4cd6-b1f5-9c1515a68595,844,en,person|taxonomy_vocabulary|21c044c0-00d4-4b69-a4c3-d1100fe937a3,"2021-10-08T20:35:33+00:00|Y-m-d\TH:i:sP",,,1,"Baldwin, H. Furlong",,0,,"2021-10-08T20:35:33+00:00|Y-m-d\TH:i:sP",1,1,en,und,,1|user|8b2345a3-20f6-4d27-bc72-b4b2a6189498|/user/1,"2021-10-08T20:35:33+00:00|Y-m-d\TH:i:sP",,,,,,,"H. Furlong",,Baldwin,,20be9696-111d-432c-b2d5-e5fef5fcc88c
845,69a68bda-3e33-45a2-ad54-8620abca3145,845,en,person|taxonomy_vocabulary|21c044c0-00d4-4b69-a4c3-d1100fe937a3,"2021-10-08T20:35:33+00:00|Y-m-d\TH:i:sP",,,1,"Balestrero, Peter",,0,,"2021-10-08T20:35:33+00:00|Y-m-d\TH:i:sP",1,1,en,und,,1|user|8b2345a3-20f6-4d27-bc72-b4b2a6189498|/user/1,"2021-10-08T20:35:33+00:00|Y-m-d\TH:i:sP",,,,,,,Peter,,Balestrero,,51ce5f05-2d92-4326-a2e4-ac779e5ad727
846,256e8bae-eae1-43cd-b21d-e95906e132a9,846,en,person|taxonomy_vocabulary|21c044c0-00d4-4b69-a4c3-d1100fe937a3,"2021-10-08T20:35:33+00:00|Y-m-d\TH:i:sP",,,1,"Ball, Frederick K.",,0,,"2021-10-08T20:35:33+00:00|Y-m-d\TH:i:sP",1,1,en,und,,1|user|8b2345a3-20f6-4d27-bc72-b4b2a6189498|/user/1,"2021-10-08T20:35:33+00:00|Y-m-d\TH:i:sP",,,,,,,"Frederick K.",,Ball,,4d90c06a-f84b-408b-8e77-1153fb6cd3d7
847,6742028d-716c-4ce6-b806-71518d33ecdf,847,en,person|taxonomy_vocabulary|21c044c0-00d4-4b69-a4c3-d1100fe937a3,"2021-10-08T20:35:33+00:00|Y-m-d\TH:i:sP",,,1,"Ball, Gregory F. (Gregory Francis)",,0,,"2021-10-08T20:35:33+00:00|Y-m-d\TH:i:sP",1,1,en,und,,1|user|8b2345a3-20f6-4d27-bc72-b4b2a6189498|/user/1,"2021-10-08T20:35:33+00:00|Y-m-d\TH:i:sP",http://viaf.org/viaf/256818625|||viaf|http://id.loc.gov/authorities/names/n2012046628|||lcnaf,,,"Gregory Francis",,,"Gregory F.",,Ball,,716da171-e8cf-45de-80c3-a139486a366c
848,78e32a49-16f8-455c-ad8a-eb322c56c4bf,848,en,person|taxonomy_vocabulary|21c044c0-00d4-4b69-a4c3-d1100fe937a3,"2021-10-08T20:35:33+00:00|Y-m-d\TH:i:sP",,,1,"Ballentine, Robert",,0,,"2021-10-08T20:35:33+00:00|Y-m-d\TH:i:sP",1,1,en,und,,1|user|8b2345a3-20f6-4d27-bc72-b4b2a6189498|/user/1,"2021-10-08T20:35:33+00:00|Y-m-d\TH:i:sP",,,,,,,Robert,,Ballentine,,6afeba64-fa00-40a2-ab49-222557c74f78
849,78621059-3357-4f21-98c2-f9bf56066404,849,en,person|taxonomy_vocabulary|21c044c0-00d4-4b69-a4c3-d1100fe937a3,"2021-10-08T20:35:33+00:00|Y-m-d\TH:i:sP",,,1,"Baltimore, George Calvert, Baron, 1580?-1632",,0,,"2021-10-08T20:35:33+00:00|Y-m-d\TH:i:sP",1,1,en,und,,1|user|8b2345a3-20f6-4d27-bc72-b4b2a6189498|/user/1,"2021-10-08T20:35:33+00:00|Y-m-d\TH:i:sP",http://viaf.org/viaf/33084271|||viaf|http://id.loc.gov/authorities/names/n83173967|||lcnaf,1580?/1632,,,,Baron,"George Calvert",,Baltimore,,1eaecf7e-8054-4817-8621-35cd31047bda
850,55c31ba3-5cad-4639-bd08-44c0502d2973,850,en,person|taxonomy_vocabulary|21c044c0-00d4-4b69-a4c3-d1100fe937a3,"2021-10-08T20:35:33+00:00|Y-m-d\TH:i:sP",,,1,"Balton, Jeffres",,0,,"2021-10-08T20:35:33+00:00|Y-m-d\TH:i:sP",1,1,en,und,,1|user|8b2345a3-20f6-4d27-bc72-b4b2a6189498|/user/1,"2021-10-08T20:35:33+00:00|Y-m-d\TH:i:sP",,,,,,,Jeffres,,Balton,,d143d16b-f811-42bd-86c1-5faa850858ec
851,21bb2799-6d80-4206-a0fd-5f0325b784ba,851,en,person|taxonomy_vocabulary|21c044c0-00d4-4b69-a4c3-d1100fe937a3,"2021-10-08T20:35:33+00:00|Y-m-d\TH:i:sP",,,1,"Bamberger, Florence E.",,0,,"2021-10-08T20:35:33+00:00|Y-m-d\TH:i:sP",1,1,en,und,,1|user|8b2345a3-20f6-4d27-bc72-b4b2a6189498|/user/1,"2021-10-08T20:35:33+00:00|Y-m-d\TH:i:sP",http://viaf.org/viaf/204730007|||viaf,,,,,,"Florence E.",,Bamberger,,56244a63-d3a4-4f9f-82fc-b52793620db0
852,46356080-d4c8-4685-99d3-a482251410e1,852,en,person|taxonomy_vocabulary|21c044c0-00d4-4b69-a4c3-d1100fe937a3,"2021-10-08T20:35:33+00:00|Y-m-d\TH:i:sP",,,1,"Banks, William",,0,,"2021-10-08T20:35:33+00:00|Y-m-d\TH:i:sP",1,1,en,und,,1|user|8b2345a3-20f6-4d27-bc72-b4b2a6189498|/user/1,"2021-10-08T20:35:33+00:00|Y-m-d\TH:i:sP",http://viaf.org/viaf/302388012|||viaf|http://id.loc.gov/authorities/names/n97869404|||lcnaf,,,,,,William,,Banks,,db7d25e8-6021-41cf-aae4-6f7451e448c2
853,c3fbd7f7-0587-45a1-9761-ca74689933b0,853,en,person|taxonomy_vocabulary|21c044c0-00d4-4b69-a4c3-d1100fe937a3,"2021-10-08T20:35:33+00:00|Y-m-d\TH:i:sP",,,1,Barber,,0,,"2021-10-08T20:35:33+00:00|Y-m-d\TH:i:sP",1,1,en,und,,1|user|8b2345a3-20f6-4d27-bc72-b4b2a6189498|/user/1,"2021-10-08T20:35:33+00:00|Y-m-d\TH:i:sP",,,,,,,,,Barber,,a39a26a0-4aaa-4289-8283-f3fda03c7053