title,id,parent_id,field_weight,field_identifier,field_resource_type,field_genre,field_linked_agent,field_model,field_edtf_date_created,field_edtf_date_issued,field_place_published,field_description,field_rights,field_subject,field_member_of,field_language,file
Centro social y de capacitacion pagina 1,101,34,1,ARQT0000010-0001,text,newspaper,,Page,,,,,,,,,ARQT0000010-0001.JPG
Centro social y de capacitacion pagina 2,102,34,2,ARQT0000010-0002,text,newspaper,,Page,,,,,,,,,ARQT0000010-0002.JPG
Centro social y de capacitacion pagina 3,103,34,3,ARQT0000010-0003,text,newspaper,,Page,,,,,,,,,ARQT0000010-0003.JPG
Centro social y de capacitacion pagina 4,104,34,4,ARQT0000010-0004,text,newspaper,,Page,,,,,,,,,ARQT0000010-0004.JPG
Centro social y de capacitacion pagina 5,105,34,5,ARQT0000010-0005,text,newspaper,,Page,,,,,,,,,ARQT0000010-0005.JPG
Centro social y de capacitacion pagina 6,106,34,6,ARQT0000010-0006,text,newspaper,,Page,,,,,,,,,ARQT0000010-0006.JPG
Centro social y de capacitacion pagina 7,107,34,7,ARQT0000010-0007,text,newspaper,,Page,,,,,,,,,ARQT0000010-0007.JPG
Centro social y de capacitacion pagina 8,108,34,8,ARQT0000010-0008,text,newspaper,,Page,,,,,,,,,ARQT0000010-0008.JPG
Centro social y de capacitacion pagina 9,109,34,9,ARQT0000010-0009,text,newspaper,,Page,,,,,,,,,ARQT0000010-0009.JPG
Centro social y de capacitacion pagina 10,110,34,10,ARQT0000010-0010,text,newspaper,,Page,,,,,,,,,ARQT0000010-0010.JPG
Centro social y de capacitacion pagina 11,111,34,11,ARQT0000010-0011,text,newspaper,,Page,,,,,,,,,ARQT0000010-0011.JPG
Centro social y de capacitacion pagina 12,112,34,12,ARQT0000010-0012,text,newspaper,,Page,,,,,,,,,ARQT0000010-0012.JPG
Centro social y de capacitacion pagina 13,113,34,13,ARQT0000010-0013,text,newspaper,,Page,,,,,,,,,ARQT0000010-0013.JPG
Centro social y de capacitacion pagina 14,114,34,14,ARQT0000010-0014,text,newspaper,,Page,,,,,,,,,ARQT0000010-0014.JPG
Centro social y de capacitacion pagina 15,115,34,15,ARQT0000010-0015,text,newspaper,,Page,,,,,,,,,ARQT0000010-0015.JPG
Centro social y de capacitacion pagina 16,116,34,16,ARQT0000010-0016,text,newspaper,,Page,,,,,,,,,ARQT0000010-0016.JPG
Centro social y de capacitacion pagina 17,117,34,17,ARQT0000010-0017,text,newspaper,,Page,,,,,,,,,ARQT0000010-0017.JPG
Centro social y de capacitacion pagina 18,118,34,18,ARQT0000010-0018,text,newspaper,,Page,,,,,,,,,ARQT0000010-0018.JPG
Centro social y de capacitacion pagina 19,119,34,19,ARQT0000010-0019,text,newspaper,,Page,,,,,,,,,ARQT0000010-0019.JPG
Centro social y de capacitacion pagina 20,120,34,20,ARQT0000010-0020,text,newspaper,,Page,,,,,,,,,ARQT0000010-0020.JPG
Centro social y de capacitacion pagina 21,121,34,21,ARQT0000010-0021,text,newspaper,,Page,,,,,,,,,ARQT0000010-0021.JPG
Centro social y de capacitacion pagina 22,122,34,22,ARQT0000010-0022,text,newspaper,,Page,,,,,,,,,ARQT0000010-0022.JPG
Centro social y de capacitacion pagina 23,123,34,23,ARQT0000010-0023,text,newspaper,,Page,,,,,,,,,ARQT0000010-0023.JPG
Centro social y de capacitacion pagina 24,124,34,24,ARQT0000010-0024,text,newspaper,,Page,,,,,,,,,ARQT0000010-0024.JPG
Centro social y de capacitacion pagina 25,125,34,25,ARQT0000010-0025,text,newspaper,,Page,,,,,,,,,ARQT0000010-0025.JPG
Centro social y de capacitacion pagina 26,126,34,26,ARQT0000010-0026,text,newspaper,,Page,,,,,,,,,ARQT0000010-0026.JPG
Centro social y de capacitacion pagina 27,127,34,27,ARQT0000010-0027,text,newspaper,,Page,,,,,,,,,ARQT0000010-0027.JPG
Centro social y de capacitacion pagina 28,128,34,28,ARQT0000010-0028,text,newspaper,,Page,,,,,,,,,ARQT0000010-0028.JPG
Centro social y de capacitacion pagina 29,129,34,29,ARQT0000010-0029,text,newspaper,,Page,,,,,,,,,ARQT0000010-0029.JPG
Centro social y de capacitacion pagina 30,130,34,30,ARQT0000010-0030,text,newspaper,,Page,,,,,,,,,ARQT0000010-0030.JPG
Centro social y de capacitacion pagina 31,131,34,31,ARQT0000010-0031,text,newspaper,,Page,,,,,,,,,ARQT0000010-0031.JPG
Centro social y de capacitacion pagina 32,132,34,32,ARQT0000010-0032,text,newspaper,,Page,,,,,,,,,ARQT0000010-0032.JPG
Centro social y de capacitacion pagina 33,133,34,33,ARQT0000010-0033,text,newspaper,,Page,,,,,,,,,ARQT0000010-0033.JPG
Centro social y de capacitacion pagina 34,134,34,34,ARQT0000010-0034,text,newspaper,,Page,,,,,,,,,ARQT0000010-0034.JPG
Centro social y de capacitacion pagina 35,135,34,35,ARQT0000010-0035,text,newspaper,,Page,,,,,,,,,ARQT0000010-0035.JPG
Centro social y de capacitacion pagina 36,136,34,36,ARQT0000010-0036,text,newspaper,,Page,,,,,,,,,ARQT0000010-0036.JPG
Centro social y de capacitacion pagina 37,137,34,37,ARQT0000010-0037,text,newspaper,,Page,,,,,,,,,ARQT0000010-0037.JPG
Centro social y de capacitacion pagina 38,138,34,38,ARQT0000010-0038,text,newspaper,,Page,,,,,,,,,ARQT0000010-0038.JPG
Centro social y de capacitacion pagina 39,139,34,39,ARQT0000010-0039,text,newspaper,,Page,,,,,,,,,ARQT0000010-0039.JPG
Centro social y de capacitacion pagina 40,140,34,40,ARQT0000010-0040,text,newspaper,,Page,,,,,,,,,ARQT0000010-0040.JPG
Centro social y de capacitacion pagina 41,141,34,41,ARQT0000010-0041,text,newspaper,,Page,,,,,,,,,ARQT0000010-0041.JPG
Centro social y de capacitacion pagina 42,142,34,42,ARQT0000010-0042,text,newspaper,,Page,,,,,,,,,ARQT0000010-0042.JPG
Centro social y de capacitacion pagina 43,143,34,43,ARQT0000010-0043,text,newspaper,,Page,,,,,,,,,ARQT0000010-0043.JPG
Centro social y de capacitacion pagina 44,144,34,44,ARQT0000010-0044,text,newspaper,,Page,,,,,,,,,ARQT0000010-0044.JPG
Centro social y de capacitacion pagina 45,145,34,45,ARQT0000010-0045,text,newspaper,,Page,,,,,,,,,ARQT0000010-0045.JPG
Centro social y de capacitacion pagina 46,146,34,46,ARQT0000010-0046,text,newspaper,,Page,,,,,,,,,ARQT0000010-0046.JPG
Centro social y de capacitacion pagina 47,147,34,47,ARQT0000010-0047,text,newspaper,,Page,,,,,,,,,ARQT0000010-0047.JPG
Centro social y de capacitacion pagina 48,148,34,48,ARQT0000010-0048,text,newspaper,,Page,,,,,,,,,ARQT0000010-0048.JPG
Centro social y de capacitacion pagina 49,149,34,49,ARQT0000010-0049,text,newspaper,,Page,,,,,,,,,ARQT0000010-0049.JPG
Centro social y de capacitacion pagina 50,150,34,50,ARQT0000010-0050,text,newspaper,,Page,,,,,,,,,ARQT0000010-0050.JPG
Centro social y de capacitacion pagina 51,151,34,51,ARQT0000010-0051,text,newspaper,,Page,,,,,,,,,ARQT0000010-0051.JPG
Centro social y de capacitacion pagina 52,152,34,52,ARQT0000010-0052,text,newspaper,,Page,,,,,,,,,ARQT0000010-0052.JPG
Centro social y de capacitacion pagina 53,153,34,53,ARQT0000010-0053,text,newspaper,,Page,,,,,,,,,ARQT0000010-0053.JPG
Centro social y de capacitacion pagina 54,154,34,54,ARQT0000010-0054,text,newspaper,,Page,,,,,,,,,ARQT0000010-0054.JPG
Centro social y de capacitacion pagina 55,155,34,55,ARQT0000010-0055,text,newspaper,,Page,,,,,,,,,ARQT0000010-0055.JPG
Centro social y de capacitacion pagina 56,156,34,56,ARQT0000010-0056,text,newspaper,,Page,,,,,,,,,ARQT0000010-0056.JPG
Centro social y de capacitacion pagina 57,157,34,57,ARQT0000010-0057,text,newspaper,,Page,,,,,,,,,ARQT0000010-0057.JPG
Centro social y de capacitacion pagina 58,158,34,58,ARQT0000010-0058,text,newspaper,,Page,,,,,,,,,ARQT0000010-0058.JPG
Centro social y de capacitacion pagina 59,159,34,59,ARQT0000010-0059,text,newspaper,,Page,,,,,,,,,ARQT0000010-0059.JPG
Centro social y de capacitacion pagina 60,160,34,60,ARQT0000010-0060,text,newspaper,,Page,,,,,,,,,ARQT0000010-0060.JPG
Centro social y de capacitacion pagina 61,161,34,61,ARQT0000010-0061,text,newspaper,,Page,,,,,,,,,ARQT0000010-0061.JPG
Centro social y de capacitacion pagina 62,162,34,62,ARQT0000010-0062,text,newspaper,,Page,,,,,,,,,ARQT0000010-0062.JPG
Centro social y de capacitacion pagina 63,163,34,63,ARQT0000010-0063,text,newspaper,,Page,,,,,,,,,ARQT0000010-0063.JPG
Centro social y de capacitacion pagina 64,164,34,64,ARQT0000010-0064,text,newspaper,,Page,,,,,,,,,ARQT0000010-0064.JPG
Centro social y de capacitacion pagina 65,165,34,65,ARQT0000010-0065,text,newspaper,,Page,,,,,,,,,ARQT0000010-0065.JPG
Centro social y de capacitacion pagina 66,166,34,66,ARQT0000010-0066,text,newspaper,,Page,,,,,,,,,ARQT0000010-0066.JPG
Centro social y de capacitacion pagina 67,167,34,67,ARQT0000010-0067,text,newspaper,,Page,,,,,,,,,ARQT0000010-0067.JPG
Centro social y de capacitacion pagina 68,168,34,68,ARQT0000010-0068,text,newspaper,,Page,,,,,,,,,ARQT0000010-0068.JPG
Centro social y de capacitacion pagina 69,169,34,69,ARQT0000010-0069,text,newspaper,,Page,,,,,,,,,ARQT0000010-0069.JPG
Centro social y de capacitacion pagina 70,170,34,70,ARQT0000010-0070,text,newspaper,,Page,,,,,,,,,ARQT0000010-0070.JPG
Centro social y de capacitacion pagina 71,171,34,71,ARQT0000010-0071,text,newspaper,,Page,,,,,,,,,ARQT0000010-0071.JPG
Centro social y de capacitacion pagina 72,172,34,72,ARQT0000010-0072,text,newspaper,,Page,,,,,,,,,ARQT0000010-0072.JPG
Centro social y de capacitacion pagina 73,173,34,73,ARQT0000010-0073,text,newspaper,,Page,,,,,,,,,ARQT0000010-0073.JPG
Centro social y de capacitacion pagina 74,174,34,74,ARQT0000010-0074,text,newspaper,,Page,,,,,,,,,ARQT0000010-0074.JPG
Centro social y de capacitacion pagina 75,175,34,75,ARQT0000010-0075,text,newspaper,,Page,,,,,,,,,ARQT0000010-0075.JPG
Centro social y de capacitacion pagina 76,176,34,76,ARQT0000010-0076,text,newspaper,,Page,,,,,,,,,ARQT0000010-0076.JPG
Centro social y de capacitacion pagina 77,177,34,77,ARQT0000010-0077,text,newspaper,,Page,,,,,,,,,ARQT0000010-0077.JPG
Centro social y de capacitacion pagina 78,178,34,78,ARQT0000010-0078,text,newspaper,,Page,,,,,,,,,ARQT0000010-0078.JPG
Centro social y de capacitacion pagina 79,179,34,79,ARQT0000010-0079,text,newspaper,,Page,,,,,,,,,ARQT0000010-0079.JPG
Centro social y de capacitacion pagina 80,180,34,80,ARQT0000010-0080,text,newspaper,,Page,,,,,,,,,ARQT0000010-0080.JPG
Centro social y de capacitacion pagina 81,181,34,81,ARQT0000010-0081,text,newspaper,,Page,,,,,,,,,ARQT0000010-0081.JPG
Centro social y de capacitacion pagina 82,182,34,82,ARQT0000010-0082,text,newspaper,,Page,,,,,,,,,ARQT0000010-0082.JPG
Centro social y de capacitacion pagina 83,183,34,83,ARQT0000010-0083,text,newspaper,,Page,,,,,,,,,ARQT0000010-0083.JPG
Centro social y de capacitacion pagina 84,184,34,84,ARQT0000010-0084,text,newspaper,,Page,,,,,,,,,ARQT0000010-0084.JPG
Centro social y de capacitacion pagina 85,185,34,85,ARQT0000010-0085,text,newspaper,,Page,,,,,,,,,ARQT0000010-0085.JPG
Centro social y de capacitacion pagina 86,186,34,86,ARQT0000010-0086,text,newspaper,,Page,,,,,,,,,ARQT0000010-0086.JPG
Centro social y de capacitacion pagina 87,187,34,87,ARQT0000010-0087,text,newspaper,,Page,,,,,,,,,ARQT0000010-0087.JPG
Centro social y de capacitacion pagina 88,188,34,88,ARQT0000010-0088,text,newspaper,,Page,,,,,,,,,ARQT0000010-0088.JPG
Centro social y de capacitacion pagina 89,189,34,89,ARQT0000010-0089,text,newspaper,,Page,,,,,,,,,ARQT0000010-0089.JPG
Centro social y de capacitacion pagina 90,190,34,90,ARQT0000010-0090,text,newspaper,,Page,,,,,,,,,ARQT0000010-0090.JPG
Centro social y de capacitacion pagina 91,191,34,91,ARQT0000010-0091,text,newspaper,,Page,,,,,,,,,ARQT0000010-0091.JPG
Centro social y de capacitacion pagina 92,192,34,92,ARQT0000010-0092,text,newspaper,,Page,,,,,,,,,ARQT0000010-0092.JPG
Centro social y de capacitacion pagina 93,193,34,93,ARQT0000010-0093,text,newspaper,,Page,,,,,,,,,ARQT0000010-0093.JPG
Centro social y de capacitacion pagina 94,194,34,94,ARQT0000010-0094,text,newspaper,,Page,,,,,,,,,ARQT0000010-0094.JPG
Centro social y de capacitacion pagina 95,195,34,95,ARQT0000010-0095,text,newspaper,,Page,,,,,,,,,ARQT0000010-0095.JPG
Centro social y de capacitacion pagina 96,196,34,96,ARQT0000010-0096,text,newspaper,,Page,,,,,,,,,ARQT0000010-0096.JPG
Centro social y de capacitacion pagina 97,197,34,97,ARQT0000010-0097,text,newspaper,,Page,,,,,,,,,ARQT0000010-0097.JPG
Centro social y de capacitacion pagina 98,198,34,98,ARQT0000010-0098,text,newspaper,,Page,,,,,,,,,ARQT0000010-0098.JPG
Centro social y de capacitacion pagina 99,199,34,99,ARQT0000010-0099,text,newspaper,,Page,,,,,,,,,ARQT0000010-0099.JPG
Centro social y de capacitacion pagina 100,200,34,100,ARQT0000010-0100,text,newspaper,,Page,,,,,,,,,ARQT0000010-0100.JPG
Centro social y de capacitacion pagina 101,201,34,101,ARQT0000010-0101,text,newspaper,,Page,,,,,,,,,ARQT0000010-0101.JPG
Centro social y de capacitacion pagina 102,202,34,102,ARQT0000010-0102,text,newspaper,,Page,,,,,,,,,ARQT0000010-0102.JPG
Centro social y de capacitacion pagina 103,203,34,103,ARQT0000010-0103,text,newspaper,,Page,,,,,,,,,ARQT0000010-0103.JPG
Centro social y de capacitacion pagina 104,204,34,104,ARQT0000010-0104,text,newspaper,,Page,,,,,,,,,ARQT0000010-0104.JPG
Centro social y de capacitacion pagina 105,205,34,105,ARQT0000010-0105,text,newspaper,,Page,,,,,,,,,ARQT0000010-0105.JPG
Centro social y de capacitacion pagina 106,206,34,106,ARQT0000010-0106,text,newspaper,,Page,,,,,,,,,ARQT0000010-0106.JPG
Centro social y de capacitacion pagina 107,207,34,107,ARQT0000010-0107,text,newspaper,,Page,,,,,,,,,ARQT0000010-0107.JPG
Centro social y de capacitacion pagina 108,208,34,108,ARQT0000010-0108,text,newspaper,,Page,,,,,,,,,ARQT0000010-0108.JPG
Centro social y de capacitacion pagina 109,209,34,109,ARQT0000010-0109,text,newspaper,,Page,,,,,,,,,ARQT0000010-0109.JPG
Centro social y de capacitacion pagina 110,210,34,110,ARQT0000010-0110,text,newspaper,,Page,,,,,,,,,ARQT0000010-0110.JPG
Centro social y de capacitacion pagina 111,211,34,111,ARQT0000010-0111,text,newspaper,,Page,,,,,,,,,ARQT0000010-0111.JPG
Centro social y de capacitacion pagina 112,212,34,112,ARQT0000010-0112,text,newspaper,,Page,,,,,,,,,ARQT0000010-0112.JPG
Centro social y de capacitacion pagina 113,213,34,113,ARQT0000010-0113,text,newspaper,,Page,,,,,,,,,ARQT0000010-0113.JPG
Centro social y de capacitacion pagina 114,214,34,114,ARQT0000010-0114,text,newspaper,,Page,,,,,,,,,ARQT0000010-0114.JPG
Centro social y de capacitacion pagina 115,215,34,115,ARQT0000010-0115,text,newspaper,,Page,,,,,,,,,ARQT0000010-0115.JPG
Centro social y de capacitacion pagina 116,216,34,116,ARQT0000010-0116,text,newspaper,,Page,,,,,,,,,ARQT0000010-0116.JPG
Centro social y de capacitacion pagina 117,217,34,117,ARQT0000010-0117,text,newspaper,,Page,,,,,,,,,ARQT0000010-0117.JPG
Centro social y de capacitacion pagina 118,218,34,118,ARQT0000010-0118,text,newspaper,,Page,,,,,,,,,ARQT0000010-0118.JPG
Centro social y de capacitacion pagina 119,219,34,119,ARQT0000010-0119,text,newspaper,,Page,,,,,,,,,ARQT0000010-0119.JPG
Centro social y de capacitacion pagina 120,220,34,120,ARQT0000010-0120,text,newspaper,,Page,,,,,,,,,ARQT0000010-0120.JPG
Centro social y de capacitacion pagina 121,221,34,121,ARQT0000010-0121,text,newspaper,,Page,,,,,,,,,ARQT0000010-0121.JPG
Centro social y de capacitacion pagina 122,222,34,122,ARQT0000010-0122,text,newspaper,,Page,,,,,,,,,ARQT0000010-0122.JPG
Centro social y de capacitacion pagina 123,223,34,123,ARQT0000010-0123,text,newspaper,,Page,,,,,,,,,ARQT0000010-0123.JPG
Centro social y de capacitacion pagina 124,224,34,124,ARQT0000010-0124,text,newspaper,,Page,,,,,,,,,ARQT0000010-0124.JPG
Centro social y de capacitacion pagina 125,225,34,125,ARQT0000010-0125,text,newspaper,,Page,,,,,,,,,ARQT0000010-0125.JPG
Centro social y de capacitacion pagina 126,226,34,126,ARQT0000010-0126,text,newspaper,,Page,,,,,,,,,ARQT0000010-0126.JPG
Centro social y de capacitacion pagina 127,227,34,127,ARQT0000010-0127,text,newspaper,,Page,,,,,,,,,ARQT0000010-0127.JPG
Centro social y de capacitacion pagina 128,228,34,128,ARQT0000010-0128,text,newspaper,,Page,,,,,,,,,ARQT0000010-0128.JPG
Centro social y de capacitacion pagina 129,229,34,129,ARQT0000010-0129,text,newspaper,,Page,,,,,,,,,ARQT0000010-0129.JPG
Centro social y de capacitacion pagina 130,230,34,130,ARQT0000010-0130,text,newspaper,,Page,,,,,,,,,ARQT0000010-0130.JPG
Centro social y de capacitacion pagina 131,231,34,131,ARQT0000010-0131,text,newspaper,,Page,,,,,,,,,ARQT0000010-0131.JPG
Centro social y de capacitacion pagina 132,232,34,132,ARQT0000010-0132,text,newspaper,,Page,,,,,,,,,ARQT0000010-0132.JPG
Centro social y de capacitacion pagina 133,233,34,133,ARQT0000010-0133,text,newspaper,,Page,,,,,,,,,ARQT0000010-0133.JPG
Centro social y de capacitacion pagina 134,234,34,134,ARQT0000010-0134,text,newspaper,,Page,,,,,,,,,ARQT0000010-0134.JPG
Centro social y de capacitacion pagina 135,235,34,135,ARQT0000010-0135,text,newspaper,,Page,,,,,,,,,ARQT0000010-0135.JPG
Centro social y de capacitacion pagina 136,236,34,136,ARQT0000010-0136,text,newspaper,,Page,,,,,,,,,ARQT0000010-0136.JPG
Centro social y de capacitacion pagina 137,237,34,137,ARQT0000010-0137,text,newspaper,,Page,,,,,,,,,ARQT0000010-0137.JPG
Centro social y de capacitacion pagina 138,238,34,138,ARQT0000010-0138,text,newspaper,,Page,,,,,,,,,ARQT0000010-0138.JPG
Centro social y de capacitacion pagina 139,239,34,139,ARQT0000010-0139,text,newspaper,,Page,,,,,,,,,ARQT0000010-0139.JPG
Centro social y de capacitacion pagina 140,240,34,140,ARQT0000010-0140,text,newspaper,,Page,,,,,,,,,ARQT0000010-0140.JPG
Centro social y de capacitacion pagina 141,241,34,141,ARQT0000010-0141,text,newspaper,,Page,,,,,,,,,ARQT0000010-0141.JPG
Centro social y de capacitacion pagina 142,242,34,142,ARQT0000010-0142,text,newspaper,,Page,,,,,,,,,ARQT0000010-0142.JPG
Centro social y de capacitacion pagina 143,243,34,143,ARQT0000010-0143,text,newspaper,,Page,,,,,,,,,ARQT0000010-0143.JPG
Centro social y de capacitacion pagina 144,244,34,144,ARQT0000010-0144,text,newspaper,,Page,,,,,,,,,ARQT0000010-0144.JPG
Centro social y de capacitacion pagina 145,245,34,145,ARQT0000010-0145,text,newspaper,,Page,,,,,,,,,ARQT0000010-0145.JPG
Centro social y de capacitacion pagina 146,246,34,146,ARQT0000010-0146,text,newspaper,,Page,,,,,,,,,ARQT0000010-0146.JPG
Centro social y de capacitacion pagina 147,247,34,147,ARQT0000010-0147,text,newspaper,,Page,,,,,,,,,ARQT0000010-0147.JPG
Centro social y de capacitacion pagina 148,248,34,148,ARQT0000010-0148,text,newspaper,,Page,,,,,,,,,ARQT0000010-0148.JPG
Centro social y de capacitacion pagina 149,249,34,149,ARQT0000010-0149,text,newspaper,,Page,,,,,,,,,ARQT0000010-0149.JPG
Centro social y de capacitacion pagina 150,250,34,150,ARQT0000010-0150,text,newspaper,,Page,,,,,,,,,ARQT0000010-0150.JPG
Centro social y de capacitacion pagina 151,251,34,151,ARQT0000010-0151,text,newspaper,,Page,,,,,,,,,ARQT0000010-0151.JPG
Centro social y de capacitacion pagina 152,252,34,152,ARQT0000010-0152,text,newspaper,,Page,,,,,,,,,ARQT0000010-0152.JPG
Centro social y de capacitacion pagina 153,253,34,153,ARQT0000010-0153,text,newspaper,,Page,,,,,,,,,ARQT0000010-0153.JPG
Centro social y de capacitacion pagina 154,254,34,154,ARQT0000010-0154,text,newspaper,,Page,,,,,,,,,ARQT0000010-0154.JPG
Centro social y de capacitacion pagina 155,255,34,155,ARQT0000010-0155,text,newspaper,,Page,,,,,,,,,ARQT0000010-0155.JPG
Centro social y de capacitacion pagina 156,256,34,156,ARQT0000010-0156,text,newspaper,,Page,,,,,,,,,ARQT0000010-0156.JPG
Centro social y de capacitacion pagina 157,257,34,157,ARQT0000010-0157,text,newspaper,,Page,,,,,,,,,ARQT0000010-0157.JPG
Centro social y de capacitacion pagina 158,258,34,158,ARQT0000010-0158,text,newspaper,,Page,,,,,,,,,ARQT0000010-0158.JPG
Centro social y de capacitacion pagina 159,259,34,159,ARQT0000010-0159,text,newspaper,,Page,,,,,,,,,ARQT0000010-0159.JPG
Centro social y de capacitacion pagina 160,260,34,160,ARQT0000010-0160,text,newspaper,,Page,,,,,,,,,ARQT0000010-0160.JPG
Centro social y de capacitacion pagina 161,261,34,161,ARQT0000010-0161,text,newspaper,,Page,,,,,,,,,ARQT0000010-0161.JPG
Centro social y de capacitacion pagina 162,262,34,162,ARQT0000010-0162,text,newspaper,,Page,,,,,,,,,ARQT0000010-0162.JPG
Centro social y de capacitacion pagina 163,263,34,163,ARQT0000010-0163,text,newspaper,,Page,,,,,,,,,ARQT0000010-0163.JPG
Centro social y de capacitacion pagina 164,264,34,164,ARQT0000010-0164,text,newspaper,,Page,,,,,,,,,ARQT0000010-0164.JPG
Centro social y de capacitacion pagina 165,265,34,165,ARQT0000010-0165,text,newspaper,,Page,,,,,,,,,ARQT0000010-0165.JPG
Centro social y de capacitacion pagina 166,266,34,166,ARQT0000010-0166,text,newspaper,,Page,,,,,,,,,ARQT0000010-0166.JPG
Centro social y de capacitacion pagina 167,267,34,167,ARQT0000010-0167,text,newspaper,,Page,,,,,,,,,ARQT0000010-0167.JPG
Centro social y de capacitacion pagina 168,268,34,168,ARQT0000010-0168,text,newspaper,,Page,,,,,,,,,ARQT0000010-0168.JPG
Centro social y de capacitacion pagina 169,269,34,169,ARQT0000010-0169,text,newspaper,,Page,,,,,,,,,ARQT0000010-0169.JPG
Centro social y de capacitacion pagina 170,270,34,170,ARQT0000010-0170,text,newspaper,,Page,,,,,,,,,ARQT0000010-0170.JPG
Centro social y de capacitacion pagina 171,271,34,171,ARQT0000010-0171,text,newspaper,,Page,,,,,,,,,ARQT0000010-0171.JPG
